{
  "project_info": {
    "project_number": "823514608730",
    "project_id": "todolist-fb55e",
    "storage_bucket": "todolist-fb55e.appspot.com"
  },
  "client": [
    {
      "client_info": {
        "mobilesdk_app_id": "1:823514608730:android:cf26207cf54bf6149e1463",
        "android_client_info": {
          "package_name": "com.example.todolist"
        }
      },
      "oauth_client": [
        {
          "client_id": "823514608730-vec1qco13h97i33seiu87qhddk06nc7h.apps.googleusercontent.com",
          "client_type": 3
        }
      ],
      "api_key": [
        {
          "current_key": "AIzaSyDNacjRqxumw7BcrTE5CEEdFkHSSj1EJWI"
        }
      ],
      "services": {
        "appinvite_service": {
          "other_platform_oauth_client": [
            {
              "client_id": "823514608730-vec1qco13h97i33seiu87qhddk06nc7h.apps.googleusercontent.com",
              "client_type": 3
            }
          ]
        }
      }
    }
  ],
  "configuration_version": "1"
}